AlphabetId,Name
5755235a-6b37-11e6-8b77-86f30ca893d3,A
575528d2-6b37-11e6-8b77-86f30ca893d3,B
57552ae4-6b37-11e6-8b77-86f30ca893d3,C
57552de6-6b37-11e6-8b77-86f30ca893d3,D
57552fda-6b37-11e6-8b77-86f30ca893d3,E
57553318-6b37-11e6-8b77-86f30ca893d3,F
575534ee-6b37-11e6-8b77-86f30ca893d3,G
575537dc-6b37-11e6-8b77-86f30ca893d3,H
575539a8-6b37-11e6-8b77-86f30ca893d3,I
57553cfa-6b37-11e6-8b77-86f30ca893d3,J
57553ec6-6b37-11e6-8b77-86f30ca893d3,K
575541dc-6b37-11e6-8b77-86f30ca893d3,L
5755443e-6b37-11e6-8b77-86f30ca893d3,M
5755477c-6b37-11e6-8b77-86f30ca893d3,N
57554a88-6b37-11e6-8b77-86f30ca893d3,O
57554c4a-6b37-11e6-8b77-86f30ca893d3,P
57554dda-6b37-11e6-8b77-86f30ca893d3,Q
5755508c-6b37-11e6-8b77-86f30ca893d3,R
57555230-6b37-11e6-8b77-86f30ca893d3,S
5755550a-6b37-11e6-8b77-86f30ca893d3,T
575556a4-6b37-11e6-8b77-86f30ca893d3,U
57555906-6b37-11e6-8b77-86f30ca893d3,V
57555bcc-6b37-11e6-8b77-86f30ca893d3,W
57555d66-6b37-11e6-8b77-86f30ca893d3,X
57555eec-6b37-11e6-8b77-86f30ca893d3,Y
57556220-6b37-11e6-8b77-86f30ca893d3,X