Uuid,id:ID(Discipline),Name
645a521e-730c-11e6-8b77-86f30ca893d3,16,Action
645a5408-730c-11e6-8b77-86f30ca893d3,17,Adventure
645a55ac-730c-11e6-8b77-86f30ca893d3,18,Sci-Fi
645a5732-730c-11e6-8b77-86f30ca893d3,19,Thriller
645a5cdc-730c-11e6-8b77-86f30ca893d3,110,Crime
645a5ea8-730c-11e6-8b77-86f30ca893d3,129,Documentary
645a602e-730c-11e6-8b77-86f30ca893d3,146,Drama
645a61aa-730c-11e6-8b77-86f30ca893d3,526,Western
645a6326-730c-11e6-8b77-86f30ca893d3,610,History
645a684e-730c-11e6-8b77-86f30ca893d3,611,War
645a6c40-730c-11e6-8b77-86f30ca893d3,669,Fantasy
645a6e7a-730c-11e6-8b77-86f30ca893d3,746,Mystery
645a7032-730c-11e6-8b77-86f30ca893d3,779,Comedy
645a71b8-730c-11e6-8b77-86f30ca893d3,780,Romance
645a76ae-730c-11e6-8b77-86f30ca893d3,1256,Animation
645a783e-730c-11e6-8b77-86f30ca893d3,1257,Musical
645a79ba-730c-11e6-8b77-86f30ca893d3,1258,Family
645a7b4a-730c-11e6-8b77-86f30ca893d3,2246,Horror
645a7cbc-730c-11e6-8b77-86f30ca893d3,3270,Suspense